{
  "project_info": {
    "project_number": "402585338102",
    "project_id": "quicklist-9b7bf",
    "storage_bucket": "quicklist-9b7bf.appspot.com"
  },
  "client": [
    {
      "client_info": {
        "mobilesdk_app_id": "1:402585338102:android:c738eac031ecb8ed3c2cd7",
        "android_client_info": {
          "package_name": "com.example.quicklist"
        }
      },
      "oauth_client": [
        {
          "client_id": "402585338102-5s7ul07hbdd2ar26nngk1bqpjfuoi4k3.apps.googleusercontent.com",
          "client_type": 3
        }
      ],
      "api_key": [
        {
          "current_key": "AIzaSyAz5Bqip0gFmYOy3T8GrIAGfe1zKlhwVMg"
        }
      ],
      "services": {
        "appinvite_service": {
          "other_platform_oauth_client": [
            {
              "client_id": "402585338102-5s7ul07hbdd2ar26nngk1bqpjfuoi4k3.apps.googleusercontent.com",
              "client_type": 3
            }
          ]
        }
      }
    }
  ],
  "configuration_version": "1"
}